attraction_slug,step_order,kind,title,description,images
ngorongoro-crater,1,reach,How to reach,"Fly into Kilimanjaro International (JRO), then about four hours by road through Arusha and Karatu to the crater rim.",/images/step-flight-international.jpg
ngorongoro-crater,2,prepare,What to prepare,"Warm layers for the rim at dawn, binoculars, a hat and sunscreen. The descent road opens early; be ready to leave before sunrise.",
ngorongoro-crater,3,custom,Best time to visit,"June to October is the dry season, when animals gather near water and the roads are easiest.",
hagia-sophia,1,reach,How to reach,"Fly into Istanbul Airport (IST); the drive to Sultanahmet takes about 45-60 minutes, depending on traffic. Sabiha Gökçen Airport (SAW), on the Asian side, is around an hour away. From Pakistan, non-stop flights run from Karachi, Lahore and Islamabad.",
hagia-sophia,2,prepare,What to prepare,"Buy entry tickets online to shorten the queue. Dress modestly: shoulders and knees covered, and women should bring a scarf to cover their hair. Visits pause during prayer times, so allow some flexibility.",
hagia-sophia,3,custom,Best time to visit,"November to April is quieter. Arrive early in the morning, or visit in late afternoon when the western light fills the galleries. Avoid Friday midday prayers.",
hagia-sophia,4,custom,Make it special,"Book a private historian-guide who can read the mosaics and inscriptions with you, then continue to the Basilica Cistern across the square.",
topkapi-palace,1,reach,How to reach,"Fly into Istanbul Airport (IST); allow 45-60 minutes by car to Sultanahmet. The palace gate is beside Hagia Sophia, and the T1 tram stops nearby. From Pakistan, non-stop flights run from Karachi, Lahore and Islamabad.",
topkapi-palace,2,prepare,What to prepare,Book tickets online and decide in advance whether to add the Harem. Wear comfortable shoes for cobbles and many steps. Modest dress is expected in the Sacred Relics chamber.,
topkapi-palace,3,custom,Best time to visit,"Spring (April-May) and autumn (September-October) are the most comfortable. Arrive at opening to see the Treasury before tour groups. The palace closes one day a week, so check before you go.",
topkapi-palace,4,custom,Make it special,"Take a private guide for the Harem, then continue by private boat along the Bosphorus at sunset, past the palaces and waterfront mansions.",
cappadocia-goreme,1,reach,How to reach,"Fly to Istanbul, then take a domestic flight to Nevşehir Kapadokya (NAV), about 40 minutes by car from Göreme, or Kayseri (ASR), about 1 hour 15 minutes away. From Pakistan, non-stop flights run from Karachi, Lahore and Islamabad to Istanbul.",
cappadocia-goreme,2,prepare,What to prepare,"Book a balloon flight well ahead with a licensed operator, and plan two mornings in case the first is cancelled for wind. Bring warm layers for pre-dawn starts, even in summer, and sturdy shoes for the valley trails.",
cappadocia-goreme,3,custom,Best time to visit,April to June and September to October bring mild days and the steadiest flying weather. Balloons launch around sunrise; the valleys are loveliest in the low light of late afternoon.,
cappadocia-goreme,4,custom,Make it special,"Reserve a private balloon basket, then hike the Rose Valley with a guide and finish with dinner on a cave-hotel terrace.",
pamukkale-hierapolis,1,reach,How to reach,"Fly to Denizli Çardak (DNZ) via Istanbul; the drive to Pamukkale takes about an hour. From Selçuk and Ephesus it is roughly three hours by road. From Pakistan, non-stop flights run from Karachi, Lahore and Islamabad to Istanbul.",
pamukkale-hierapolis,2,prepare,What to prepare,"Shoes come off on the travertines, so bring a bag to carry them and a towel for your feet. Bring swimwear for the Antique Pool, sunscreen and a hat, as there is little shade.",
pamukkale-hierapolis,3,custom,Best time to visit,"April to June and September to October are the most comfortable. Come early in the morning, or stay for sunset, when the terraces glow and the day visitors leave.",
ephesus,1,reach,How to reach,"Fly to İzmir Adnan Menderes (ADB) via Istanbul, then drive about an hour to Selçuk. The site has an upper and a lower gate, 4 km from town. From Pakistan, non-stop flights run from Karachi, Lahore and Islamabad to Istanbul.",
ephesus,2,prepare,What to prepare,"Buy tickets in advance and include the Terrace Houses. Wear good walking shoes for uneven marble, and bring water, a hat and sunscreen. Enter at the upper gate and walk downhill.",
ephesus,3,custom,Best time to visit,"April-May and September-October are ideal. Arrive at opening, before cruise groups from Kuşadası, or come in late afternoon when the light warms the library façade.",
ephesus,4,custom,Make it special,"Walk the site with a private archaeologist-guide, then lunch among the vineyards of Şirince village.",
burj-khalifa,1,reach,How to reach,"Fly into Dubai International (DXB); Downtown is about 20 minutes by car, or take the Metro Red Line to Burj Khalifa/Dubai Mall station. From Pakistan, non-stop flights run from Karachi, Lahore and Islamabad.",
burj-khalifa,2,prepare,What to prepare,"Book a timed ticket in advance, particularly for sunset slots, which sell out. Entry is through The Dubai Mall, so allow time to walk. Bring sunglasses; the glare can be strong on clear days.",
burj-khalifa,3,custom,Best time to visit,November to March brings the clearest air and mild evenings. Choose the hour before sunset to see the city by day and at night in one visit. Summer haze can soften the view.,
burj-khalifa,4,custom,Make it special,"Reserve the level 148 lounge at sunset, then dine at a restaurant high in the tower with the fountain lit below.",
al-fahidi-dubai-creek,1,reach,How to reach,"Fly into Dubai International (DXB); Al Fahidi is about 15 minutes by car. The Metro Green Line serves Al Fahidi station. From Pakistan, non-stop flights run from Karachi, Lahore and Islamabad.",
al-fahidi-dubai-creek,2,prepare,What to prepare,"Carry small cash for abra fares and souk purchases. Dress modestly, with shoulders and knees covered. Comfortable, flat shoes suit the narrow lanes.",
al-fahidi-dubai-creek,3,custom,Best time to visit,"November to March is pleasant for walking. Go in late afternoon, cross the creek at sunset, and explore the souks as they come alive in the evening.",
al-fahidi-dubai-creek,4,custom,Make it special,"Hire a private abra for an hour on the creek, then join a cultural lunch of Emirati dishes in a restored courtyard house.",
dubai-desert-conservation-reserve,1,reach,How to reach,"Fly into Dubai International (DXB); the reserve is about 45-60 minutes by car on the Dubai-Al Ain road. Operators collect guests from city hotels. From Pakistan, non-stop flights run from Karachi, Lahore and Islamabad.",
dubai-desert-conservation-reserve,2,prepare,What to prepare,"Book with an operator licensed for the reserve. Wear loose, covering clothes, a hat and closed shoes, and bring a warm layer for winter evenings. Sunglasses help against the glare.",
dubai-desert-conservation-reserve,3,custom,Best time to visit,"October to April is the season. Go at dawn for balloon flights and wildlife, or late afternoon for sunset over the dunes. Summer heat is intense.",
dubai-desert-conservation-reserve,4,custom,Make it special,"Take a sunrise balloon flight, then a falconry breakfast in the dunes, and end the day with a private dinner at a desert camp.",
sheikh-zayed-grand-mosque,1,reach,How to reach,"Fly into Abu Dhabi's Zayed International Airport (AUH), about 20 minutes by car. From Dubai the drive takes around 1 hour 30 minutes. From Pakistan, non-stop flights run from Karachi, Lahore and Islamabad.",
sheikh-zayed-grand-mosque,2,prepare,What to prepare,"Register for a free visitor pass online before you go. Dress modestly: long, loose clothing for everyone, and women must cover their hair. Shoes are removed before entering the prayer hall.",
sheikh-zayed-grand-mosque,3,custom,Best time to visit,November to March is most comfortable. Arrive an hour before sunset to see the marble change colour and stay for the lighting. The mosque closes to visitors during Friday prayers.,
sheikh-zayed-grand-mosque,4,custom,Good to know,"Free guided tours explain the architecture and Islamic practice. Photography is welcome in most areas, but be respectful of worshippers.",
louvre-abu-dhabi,1,reach,How to reach,"Fly into Abu Dhabi's Zayed International Airport (AUH); Saadiyat Island is about 25 minutes by car. From Dubai allow around 1 hour 30 minutes. From Pakistan, non-stop flights run from Karachi, Lahore and Islamabad.",
louvre-abu-dhabi,2,prepare,What to prepare,"Book timed tickets online, especially at weekends. Galleries are cool, so bring a light layer. Comfortable shoes help, as the museum spreads across many rooms.",
louvre-abu-dhabi,3,custom,Best time to visit,"October to April is ideal. Visit in the late afternoon, when the light under the dome is at its most beautiful, and stay for the evening.",
louvre-abu-dhabi,4,custom,Make it special,"Join a guided kayak trip around the museum's sea walls at sunset, or book a private curator-led tour.",
hegra,1,reach,How to reach,"Fly to AlUla International (ULH) via Riyadh or Jeddah; the drive to Hegra takes about 45-60 minutes. Non-stop flights run from Karachi, Lahore and Islamabad to Riyadh and Jeddah, with a domestic connection to AlUla.",
hegra,2,prepare,What to prepare,"Tours must be booked in advance through the official AlUla channels. Wear modest, loose clothing, a hat and closed shoes. Nights in winter can be cold, so bring a warm layer.",
hegra,3,custom,Best time to visit,"October to March is the season, with warm days and cool nights. Book a morning or late-afternoon tour for softer light on the façades.",
hegra,4,custom,Make it special,"Book a private guided tour in a vintage Land Rover, then watch sunset from the desert and dine under the stars.",
elephant-rock-alula,1,reach,How to reach,"Fly to AlUla International (ULH) via Riyadh or Jeddah, then drive about 30-40 minutes. Non-stop flights run from Karachi, Lahore and Islamabad to Riyadh and Jeddah, with a domestic connection to AlUla.",
elephant-rock-alula,2,prepare,What to prepare,"No ticket is usually needed, but check seasonal arrangements. Bring a warm layer for evenings in winter and wear modest clothing. Closed shoes are better than sandals on the sand.",
elephant-rock-alula,3,custom,Best time to visit,"October to March. Arrive an hour before sunset and stay after dark, when the sky is clear and the rock is lit.",
at-turaif-diriyah,1,reach,How to reach,"Fly into King Khalid International (RUH); Diriyah is about 40 minutes by car. From Pakistan, non-stop flights run from Karachi, Lahore and Islamabad.",
at-turaif-diriyah,2,prepare,What to prepare,"Book entry tickets online in advance. Wear modest, loose clothing and comfortable shoes. Bring water and sunglasses; paths are sunny.",
at-turaif-diriyah,3,custom,Best time to visit,"November to February is most comfortable. Go in late afternoon, stay for sunset and see the walls lit at night, then dine at Bujairi Terrace.",
at-turaif-diriyah,4,custom,Make it special,"Book a private historian-guide, then reserve a terrace table at Bujairi overlooking the illuminated citadel.",
edge-of-the-world,1,reach,How to reach,"Fly into King Khalid International (RUH). The site lies around 100 km north-west of Riyadh, about 2 hours by car, the last part on an off-road track that needs a 4x4. From Pakistan, non-stop flights run from Karachi, Lahore and Islamabad.",
edge-of-the-world,2,prepare,What to prepare,"Go with a licensed operator and an experienced driver. Bring water, snacks, a hat, sturdy shoes and a warm layer for after sunset. Access can close after rain or in extreme heat.",
edge-of-the-world,3,custom,Best time to visit,November to March. Leave Riyadh in early afternoon to arrive for the golden hour and sunset.,
edge-of-the-world,4,custom,Make it special,Arrange a private 4x4 excursion with a sunset picnic and dinner set up on the rim.,
red-sea-islands,1,reach,How to reach,"Fly to Red Sea International (RSI) on a domestic flight from Riyadh or Jeddah. Resorts arrange onward transfers by road, boat or seaplane. Non-stop flights run from Karachi, Lahore and Islamabad to Riyadh and Jeddah.",
red-sea-islands,2,prepare,What to prepare,"Book resorts and transfers together in advance. Pack reef-safe sunscreen, a sun hat and light cover-ups. Modest dress is expected away from resort beaches.",
red-sea-islands,3,custom,Best time to visit,October to April offers warm water and pleasant air; summer is very hot. Snorkel in the morning when the sea is calmest.,
red-sea-islands,4,custom,Make it special,"Charter a private boat to a sandbank for a picnic, with a dive guide to take you to the outer reefs.",
petronas-twin-towers,1,reach,How to reach,"Fly into Kuala Lumpur International (KUL). The KLIA Ekspres train reaches KL Sentral in about 30 minutes, then it is a short taxi ride; by car the trip takes about an hour. From Pakistan, usually one stop via Dubai, Doha, Abu Dhabi or Istanbul.",
petronas-twin-towers,2,prepare,What to prepare,"Book Skybridge and observation deck tickets in advance, as daily numbers are limited. Carry an umbrella for sudden afternoon storms. Security screening applies, so travel light.",
petronas-twin-towers,3,custom,Best time to visit,"The weather is warm all year, with heavier rain in the inter-monsoon months. Book the first tour of the morning for clear air, then return to KLCC Park at dusk for the lights.",
petronas-twin-towers,4,custom,Make it special,"Book a suite facing the towers, and have dinner at a rooftop restaurant with a direct view of them lit up.",
batu-caves,1,reach,How to reach,"Fly into Kuala Lumpur International (KUL). From central Kuala Lumpur, Batu Caves is about 30 minutes by car, or take the KTM Komuter train from KL Sentral to Batu Caves station. From Pakistan, usually one stop via Dubai, Doha, Abu Dhabi or Istanbul.",
batu-caves,2,prepare,What to prepare,Cover shoulders and knees; sarongs can be borrowed or rented at the base. Wear good shoes for the steep steps. Keep food and loose items out of sight of the monkeys.,
batu-caves,3,custom,Best time to visit,"Come early in the morning to avoid heat and crowds. Visit during Thaipusam for the festival, but expect very large crowds.",
kilim-karst-geoforest-park,1,reach,How to reach,"Fly into Langkawi International (LGK), usually via Kuala Lumpur; Kilim jetty is about 30-40 minutes by car. Ferries also link Langkawi with Penang and the mainland. From Pakistan, usually one stop via Dubai, Doha, Abu Dhabi or Istanbul.",
kilim-karst-geoforest-park,2,prepare,What to prepare,"Book a licensed nature guide rather than a fast boat tour. Bring insect repellent, a hat, sunscreen and a light waterproof. Shoes that can get wet are useful for kayaking.",
kilim-karst-geoforest-park,3,custom,Best time to visit,"November to April is the drier season, with calmer seas. Go in the morning when wildlife is most active and the light is soft.",
kilim-karst-geoforest-park,4,custom,Make it special,"Charter a private boat with a naturalist, then continue to the open sea for a swim at a quiet beach.",
george-town-penang,1,reach,How to reach,"Fly into Penang International (PEN), about 30-40 minutes by car from George Town. From Kuala Lumpur the drive takes about 4 hours. From Pakistan, usually one stop via Dubai, Doha, Abu Dhabi or Istanbul.",
george-town-penang,2,prepare,What to prepare,"Wear light clothes and comfortable shoes, and carry an umbrella for sun and rain. Remove shoes and dress modestly in temples and mosques. Carry cash for hawker stalls.",
george-town-penang,3,custom,Best time to visit,"December to February is usually drier. Explore on foot in the morning and early evening, and eat at hawker centres after dark.",
george-town-penang,4,custom,Make it special,"Take a private heritage walk with a local architect, then book a Nyonya dinner in a restored shophouse.",
cameron-highlands-tea,1,reach,How to reach,"Fly into Kuala Lumpur International (KUL), then drive about 3-4 hours to Tanah Rata, the last stretch on winding hill roads. From Pakistan, usually one stop via Dubai, Doha, Abu Dhabi or Istanbul.",
cameron-highlands-tea,2,prepare,What to prepare,"Pack a warm layer and a light rain jacket; evenings are cool. Wear walking shoes with good grip for muddy trails. If you get travel sick, bring something for the hill road.",
cameron-highlands-tea,3,custom,Best time to visit,"January to March is usually the driest period; October and November are the wettest. Mornings are clearest before cloud rolls in, so visit the tea estates early.",
cameron-highlands-tea,4,custom,Make it special,Take a guided walk through the tea gardens followed by a private tea tasting overlooking the estate.,
grand-palace-wat-phra-kaew,1,reach,How to reach,"Fly into Suvarnabhumi Airport (BKK), 45-60 minutes by car to the old city depending on traffic. From riverside hotels, take a boat to Tha Chang pier, next to the palace. From Pakistan, usually one stop via Dubai, Doha, Abu Dhabi or Istanbul.",
grand-palace-wat-phra-kaew,2,prepare,What to prepare,"The dress code is strict: covered shoulders, long trousers or long skirts, and no sheer clothing. Remove shoes inside temple halls. Bring water and a hat, as there is little shade.",
grand-palace-wat-phra-kaew,3,custom,Best time to visit,November to February is cooler and drier. Arrive at opening to avoid crowds and midday heat.,
grand-palace-wat-phra-kaew,4,custom,Make it special,"Book a private guide and arrive by private river boat, then take lunch on a riverside terrace.",
wat-pho,1,reach,How to reach,"Fly into Suvarnabhumi Airport (BKK), 45-60 minutes by car to the old city. By boat, stop at Tha Tien pier, a short walk from the temple. From Pakistan, usually one stop via Dubai, Doha, Abu Dhabi or Istanbul.",
wat-pho,2,prepare,What to prepare,"Cover shoulders and knees, and wear shoes that are easy to remove. Bring small cash for massage and donations.",
wat-pho,3,custom,Best time to visit,"November to February is most comfortable. Visit early in the morning or late afternoon, and pair it with the Grand Palace nearby.",
wat-pho,4,custom,Good to know,"Across the river, Wat Arun is a short ferry ride away and is beautiful at sunset from the eastern bank.",
wat-phra-that-doi-suthep,1,reach,How to reach,"Fly into Chiang Mai International (CNX), usually via Bangkok. The temple is about 30-40 minutes by car from the old city up a winding mountain road. From Pakistan, usually one stop via Dubai, Doha, Abu Dhabi or Istanbul.",
wat-phra-that-doi-suthep,2,prepare,What to prepare,"Cover shoulders and knees; wraps can be borrowed at the entrance. Wear shoes that are easy to remove. Bring a light layer, as it is cooler on the mountain.",
wat-phra-that-doi-suthep,3,custom,Best time to visit,"November to February is cool and clear. Arrive early for morning chanting and fewer visitors, or late afternoon for sunset views over the city.",
wat-phra-that-doi-suthep,4,custom,Make it special,"Hike the Monk's Trail from the city edge with a guide, visiting a small forest temple on the way.",
phang-nga-bay,1,reach,How to reach,"Fly into Phuket International (HKT); piers on Phuket's east coast are about 40-60 minutes by car. Boats also leave from Phang Nga and Krabi. From Pakistan, usually one stop via Dubai, Doha, Abu Dhabi or Istanbul.",
phang-nga-bay,2,prepare,What to prepare,"Book a private long-tail or yacht in advance. Pack sunscreen, a hat, swimwear and a dry bag. Dress modestly when visiting Koh Panyee.",
phang-nga-bay,3,custom,Best time to visit,"November to April is the dry season, with calm seas. Leave early to reach popular islands before day trippers, and time canoeing with the tide.",
phang-nga-bay,4,custom,Make it special,"Charter a private yacht for the day with a sea-canoe guide, and end with sunset among the karsts.",
railay-krabi,1,reach,How to reach,"Fly into Krabi International (KBV); Ao Nang is about 30-40 minutes by car, then a long-tail boat takes 10-15 minutes to Railay. From Pakistan, usually one stop via Dubai, Doha, Abu Dhabi or Istanbul.",
railay-krabi,2,prepare,What to prepare,"Pack light, as you will step off boats into shallow water. Bring swimwear, reef-safe sunscreen and water shoes. For climbing, book a qualified instructor.",
railay-krabi,3,custom,Best time to visit,"November to April is dry with calm seas. Arrive early before day boats, and stay late for sunset on the west beach.",
railay-krabi,4,custom,Make it special,Book a private long-tail to nearby islands such as Poda and Chicken Island for early-morning snorkelling.,
tower-of-london,1,reach,How to reach,"Fly into London Heathrow (LHR). The Elizabeth line reaches Liverpool Street in about 35 minutes, then it is a short taxi ride; Tower Hill Underground station is next to the Tower. From Pakistan, usually one stop via Dubai, Doha, Abu Dhabi or Istanbul.",
tower-of-london,2,prepare,What to prepare,"Book tickets online in advance. Pakistani passport holders need a UK visitor visa, applied for well ahead. Wear comfortable shoes for stairs and cobbles, and bring a light waterproof.",
tower-of-london,3,custom,Best time to visit,April to October has the longest days. Arrive at opening and go straight to the Crown Jewels before queues form. Weekdays outside school holidays are quieter.,
tower-of-london,4,custom,Make it special,"Apply months ahead for tickets to the Ceremony of the Keys, or book a private early-access tour.",
british-museum,1,reach,How to reach,"Fly into London Heathrow (LHR). The Elizabeth line reaches Tottenham Court Road in about 40 minutes, a five-minute walk from the museum. From Pakistan, usually one stop via Dubai, Doha, Abu Dhabi or Istanbul.",
british-museum,2,prepare,What to prepare,"General admission is free, but booking a timed entry slot online is advised. Pakistani passport holders need a UK visitor visa. Bring comfortable shoes and a light bag; large bags are not allowed.",
british-museum,3,custom,Best time to visit,Open year-round. Weekday mornings are quietest; late afternoon is calmer than midday.,
british-museum,4,custom,Make it special,"Book a private guided tour of the museum's highlights, followed by afternoon tea in Bloomsbury.",
edinburgh-castle-royal-mile,1,reach,How to reach,"Fly into Edinburgh Airport (EDI), about 30 minutes into the city by tram or car. From London, trains from King's Cross take around 4 hours 30 minutes. From Pakistan, usually one stop via Dubai, Doha, Abu Dhabi or Istanbul.",
edinburgh-castle-royal-mile,2,prepare,What to prepare,"Book castle tickets online for a timed entry. Pakistani passport holders need a UK visitor visa. Wear good shoes for steep, cobbled streets, and bring layers and a waterproof whatever the season.",
edinburgh-castle-royal-mile,3,custom,Best time to visit,"May to September brings long days. August is festival month, with the Fringe and the Military Tattoo on the castle esplanade, but it is very busy. Visit the castle early in the morning.",
edinburgh-castle-royal-mile,4,custom,Make it special,"Book a private guide for the castle and the closes of the Old Town, then dine with a view of the castle lit at night.",
isle-of-skye,1,reach,How to reach,"Fly into Inverness (INV), then drive about 2 hours 30 minutes to the Skye Bridge. From Glasgow the drive takes around 5 hours through the Highlands. From Pakistan, usually one stop via Dubai, Doha, Abu Dhabi or Istanbul.",
isle-of-skye,2,prepare,What to prepare,"Book hotels and restaurants well ahead, as there are few of them. Pakistani passport holders need a UK visitor visa. Pack waterproofs, warm layers and walking boots, plus insect repellent for midges in summer.",
isle-of-skye,3,custom,Best time to visit,"May to September offers long days; May and September are quieter and have fewer midges. Walk the famous viewpoints at sunrise, before the day visitors arrive.",
isle-of-skye,4,custom,Make it special,"Take a private boat trip under the Cuillin to Loch Coruisk, then dine on local seafood at a celebrated island restaurant.",
roman-baths-bath,1,reach,How to reach,"Fly into London Heathrow (LHR). Trains from London Paddington reach Bath Spa in about 1 hour 30 minutes, and the Baths are a ten-minute walk from the station. Bristol Airport (BRS) is around 45 minutes by car. From Pakistan, usually one stop via Dubai, Doha, Abu Dhabi or Istanbul.",
roman-baths-bath,2,prepare,What to prepare,Book timed tickets online. Pakistani passport holders need a UK visitor visa. Bring swimwear if you plan to visit the spa.,
roman-baths-bath,3,custom,Best time to visit,"April to October is pleasant; December brings a Christmas market. Arrive at opening, or visit in summer evenings, when the Great Bath is lit by torchlight.",
roman-baths-bath,4,custom,Make it special,"Stay in a hotel with its own thermal spa, and book a private evening soak in natural spring water.",
eiffel-tower,1,reach,How to reach,"Fly into Paris Charles de Gaulle (CDG) or Orly (ORY). From CDG, allow 45-60 minutes by car or RER B train to central Paris; the tower is near Bir-Hakeim and Trocadéro metro stations. From Pakistan, usually one stop via Dubai, Doha, Abu Dhabi or Istanbul.",
eiffel-tower,2,prepare,What to prepare,"Book timed tickets online well ahead, especially for the summit, which can close in high wind. Security checks are airport-style, so travel light. Bring a layer for the top, where it is noticeably cooler. A Schengen visa is required.",
eiffel-tower,3,custom,Best time to visit,October to April is quieter. Go at opening or around sunset to see the city in daylight and then lit up. Summer brings the longest queues.,
eiffel-tower,4,custom,Make it special,"Reserve a table at Le Jules Verne on the second floor, reached by its own private lift, or take a private evening cruise on the Seine that passes beneath the tower as it sparkles.",
louvre-museum,1,reach,How to reach,"Fly into Paris Charles de Gaulle (CDG) or Orly (ORY), then allow 45-60 minutes by car or RER train to central Paris. Palais-Royal-Musée du Louvre metro station is beside the museum. From Pakistan, usually one stop via Dubai, Doha, Abu Dhabi or Istanbul.",
louvre-museum,2,prepare,What to prepare,"Timed-entry tickets should be booked online in advance. Wear comfortable shoes, as the galleries cover several kilometres. Large bags are not allowed in the galleries. A Schengen visa is required.",
louvre-museum,3,custom,Best time to visit,"Weekday mornings from November to March are calmest. Arrive at opening and see the Mona Lisa first, or save it for late in the day when crowds thin.",
louvre-museum,4,custom,Make it special,"A private guide can build a route around your interests, from Islamic art to French painting, and avoid the busiest rooms.",
palace-of-versailles,1,reach,How to reach,"Fly into Paris Charles de Gaulle (CDG) or Orly (ORY). Versailles is about 40 minutes from central Paris by RER C train or car, with the palace a 10-minute walk from Versailles Château Rive Gauche station. From Pakistan, usually one stop via Dubai, Doha, Abu Dhabi or Istanbul.",
palace-of-versailles,2,prepare,What to prepare,"Book a timed palace ticket in advance, as queues can be long. Wear walking shoes; the estate is large and the gravel paths are uneven. A Schengen visa is required.",
palace-of-versailles,3,custom,Best time to visit,"May, June and September bring the gardens at their best with fewer crowds than midsummer. Arrive at opening for the Hall of Mirrors, then spend the afternoon outdoors.",
palace-of-versailles,4,custom,Make it special,"Stay at Le Grand Contrôle inside the estate, which offers guests private early access to the palace, and dine at its restaurant overlooking the Orangery gardens.",
mont-saint-michel,1,reach,How to reach,"Fly into Paris Charles de Gaulle (CDG) or Orly (ORY), take the TGV from Paris Montparnasse to Rennes (about 1 hour 30 minutes), then a coach to the Mont (about 1 hour 15 minutes). Free shuttles run from the mainland car parks across the bridge. From Pakistan, usually one stop via Dubai, Doha, Abu Dhabi or Istanbul.",
mont-saint-michel,2,prepare,What to prepare,"Book the abbey ticket in advance in summer. The climb to the abbey is steep with many steps, so wear sturdy shoes and bring a windproof layer. A Schengen visa is required.",
mont-saint-michel,3,custom,Best time to visit,"April to June and September to October are calmer than July and August. Check the tide tables for high spring tides, when the island is fully surrounded, and come in the evening when day crowds have gone.",
mont-saint-michel,4,custom,Good to know,Never walk out on the sands alone. Quicksand and fast tides make the bay dangerous; cross it only with a licensed guide.,
eze-village,1,reach,How to reach,"Fly into Nice Côte d'Azur (NCE). Èze is about 30 minutes by car along the Moyenne Corniche, and a local bus runs from Nice. The train stops at Èze-sur-Mer on the coast, below the village. From Pakistan, usually one stop via Dubai, Doha, Abu Dhabi or Istanbul.",
eze-village,2,prepare,What to prepare,"Wear shoes with good grip; the lanes are steep and cobbled. For the Nietzsche Path, allow about an hour downhill or more going up, and carry water. A Schengen visa is required.",
eze-village,3,custom,Best time to visit,"May, June and September are warm without the midsummer crowds. Arrive early in the morning before tour coaches, or stay for sunset from a hotel terrace.",
eze-village,4,custom,Make it special,"Book a long lunch on the terrace of La Chèvre d'Or, then take a private boat from Nice or Monaco along the coast in the afternoon.",
colosseum,1,reach,How to reach,"Fly into Rome Fiumicino (FCO). The Leonardo Express train reaches Roma Termini in about 32 minutes, or allow 45-60 minutes by car. Colosseo metro station is directly opposite. From Pakistan, usually one stop via Dubai, Doha, Abu Dhabi or Istanbul.",
colosseum,2,prepare,What to prepare,"Book timed tickets well in advance, particularly for the underground and arena levels. Wear comfortable shoes for uneven stone, and carry water and sun protection in summer. A Schengen visa is required.",
colosseum,3,custom,Best time to visit,November to March and early mornings year-round are least crowded. Late afternoon light on the travertine is warm and soft. July and August are very hot.,
colosseum,4,custom,Make it special,"A private archaeologist-guide can combine the Colosseum's underground with the Forum and Palatine, bringing the ruins to life at a relaxed pace.",
vatican-museums-sistine-chapel,1,reach,How to reach,"Fly into Rome Fiumicino (FCO), then take the Leonardo Express to Roma Termini (about 32 minutes) or a car to the Vatican (about 45 minutes). Ottaviano metro station is a short walk from the museum entrance. From Pakistan, usually one stop via Dubai, Doha, Abu Dhabi or Istanbul.",
vatican-museums-sistine-chapel,2,prepare,What to prepare,"Book timed tickets online well ahead. Shoulders and knees must be covered, for both men and women. Large bags go to the cloakroom, and the full route involves several kilometres of walking.",
vatican-museums-sistine-chapel,3,custom,Best time to visit,"November to February, excluding holidays, is quietest. Take the earliest entry of the day or a late slot, and avoid days when entry is free, which draw large crowds.",
vatican-museums-sistine-chapel,4,custom,Make it special,"Private early-morning tours, arranged through the museums, let you see the Sistine Chapel before general opening, sometimes joining the keeper of the keys as the galleries are unlocked.",
uffizi-gallery,1,reach,How to reach,"Fly into Florence (FLR), about 20 minutes to the centre by tram or car, or Pisa (PSA), about an hour by train. From Rome, high-speed trains reach Firenze Santa Maria Novella in about 1 hour 30 minutes. From Pakistan, usually one stop via Dubai, Doha, Abu Dhabi or Istanbul.",
uffizi-gallery,2,prepare,What to prepare,"Reserve a timed entry in advance, and book separately for the Duomo dome climb, which has 463 steps. Wear comfortable shoes. A Schengen visa is required.",
uffizi-gallery,3,custom,Best time to visit,"November to March is calmest. Book the first entry of the morning, or a late-afternoon slot when tour groups have left.",
uffizi-gallery,4,custom,Make it special,A private art historian can lead you through the highlights and then across the river to the Pitti Palace and Boboli Gardens.,
venice-grand-canal-st-marks,1,reach,How to reach,"Fly into Venice Marco Polo (VCE). A private water taxi reaches the centre in about 30 minutes; the Alilaguna waterbus takes about an hour. Trains from Florence arrive at Santa Lucia station in about 2 hours 15 minutes. From Pakistan, usually one stop via Dubai, Doha, Abu Dhabi or Istanbul.",
venice-grand-canal-st-marks,2,prepare,What to prepare,"Book timed entry to the Basilica and Doge's Palace ahead. The Basilica requires covered shoulders and knees, and large bags are not allowed. Pack flat, grippy shoes for bridges and wet stone. Day visitors pay an access fee on certain peak dates. A Schengen visa is required.",
venice-grand-canal-st-marks,3,custom,Best time to visit,"April to June and September to October are best. Early morning and evening are far quieter than midday, when day-trippers arrive. From autumn to winter, high tides can flood St Mark's Square.",
venice-grand-canal-st-marks,4,custom,Make it special,"Take a private gondola or a classic wooden launch at dusk along the Grand Canal, then dine at a palazzo hotel terrace facing the water.",
amalfi-coast,1,reach,How to reach,"Fly into Naples (NAP). Positano is about 1 hour 30 minutes to 2 hours by car. Alternatively, take the train to Salerno and continue by ferry along the coast in season. From Pakistan, usually one stop via Dubai, Doha, Abu Dhabi or Istanbul.",
amalfi-coast,2,prepare,What to prepare,"Pack flat shoes; the villages are built on steep steps. Book hotels, restaurants and boats well ahead for summer. A Schengen visa is required.",
amalfi-coast,3,custom,Best time to visit,"May, June and September offer warm seas with fewer crowds than July and August. Many hotels and ferry services close or reduce from November to March.",
amalfi-coast,4,custom,Make it special,"Charter a private boat for a day to swim in quiet coves and cross to Capri, and walk part of the Path of the Gods above Positano in the cool of the morning.",
alhambra,1,reach,How to reach,"Fly into Granada (GRX), about 25 minutes by car, or Málaga (AGP), about 1 hour 30 minutes by road. High-speed trains link Madrid with Granada in around 3 hours 30 minutes. From Pakistan, usually one stop via Dubai, Doha, Abu Dhabi or Istanbul.",
alhambra,2,prepare,What to prepare,"Tickets sell out weeks ahead, so book early; entry to the Nasrid Palaces is at a fixed time that is strictly kept. Carry the passport used on the booking. Wear comfortable shoes and bring sun protection. A Schengen visa is required.",
alhambra,3,custom,Best time to visit,"March to May and October to November are ideal, with mild weather and gardens in flower in spring. Take an early palace slot, and return for a night visit, when the palaces are softly lit and quiet.",
alhambra,4,custom,Make it special,"Book a private guide who reads the Arabic inscriptions, then watch sunset over the Alhambra from the Mirador de San Nicolás in the Albaicín.",
sagrada-familia,1,reach,How to reach,"Fly into Barcelona El Prat (BCN), about 30 minutes by car to the basilica. Sagrada Família metro station, on lines 2 and 5, is beside it. From Pakistan, usually one stop via Dubai, Doha, Abu Dhabi or Istanbul.",
sagrada-familia,2,prepare,What to prepare,"Book timed tickets online in advance, with tower access if you want it. Shoulders should be covered and very short shorts avoided. The tower descent is by narrow spiral stairs. A Schengen visa is required.",
sagrada-familia,3,custom,Best time to visit,"Any season works. Visit in the late afternoon, when sunlight through the western windows fills the nave with red and gold; mornings bring the cooler blue light of the eastern side.",
real-alcazar-seville,1,reach,How to reach,"Fly into Seville (SVQ), about 20-25 minutes by car to the centre. High-speed AVE trains from Madrid reach Seville in about 2 hours 30 minutes. From Pakistan, usually one stop via Dubai, Doha, Abu Dhabi or Istanbul.",
real-alcazar-seville,2,prepare,What to prepare,Book a timed ticket online in advance; the royal apartments on the upper floor need a separate reservation. Bring sun protection and water. A Schengen visa is required.,
real-alcazar-seville,3,custom,Best time to visit,"March to May and October to November are pleasant; spring brings orange blossom and Seville's festivals. Summer afternoons often exceed 40°C, so visit at opening.",
prado-museum,1,reach,How to reach,"Fly into Madrid-Barajas (MAD), about 25-30 minutes by car to the museum. Banco de España and Atocha metro stations are each a short walk away. From Pakistan, usually one stop via Dubai, Doha, Abu Dhabi or Istanbul.",
prado-museum,2,prepare,What to prepare,Buy timed tickets online to avoid queues. Photography is not permitted in the galleries. Large bags go to the cloakroom. A Schengen visa is required.,
prado-museum,3,custom,Best time to visit,"Any season suits a museum, but spring and autumn are best for walking between Madrid's galleries and the Retiro Park. Weekday mornings are quietest.",
prado-museum,4,custom,Make it special,"Arrange a private guided visit focused on Velázquez and Goya, then lunch in the Retiro Park or at the Ritz terrace opposite.",
matterhorn-gornergrat,1,reach,How to reach,"Fly into Zurich (ZRH) or Geneva (GVA). Trains reach Zermatt in about 3 hours 30 minutes to 4 hours, changing at Visp. Zermatt is car-free, so drivers park at Täsch and take the 12-minute shuttle train. From Pakistan, usually one stop via Dubai, Doha, Abu Dhabi or Istanbul.",
matterhorn-gornergrat,2,prepare,What to prepare,"Bring warm layers, sunglasses and sun cream; it is cold and bright at altitude even in summer. Check the summit webcams before buying tickets, as cloud can hide the peak. A Schengen visa is required.",
matterhorn-gornergrat,3,custom,Best time to visit,July to September for hiking and clear views; December to April for snow. Take the first train of the morning for the calmest weather and the best chance of a cloud-free Matterhorn.,
matterhorn-gornergrat,4,custom,Make it special,"Book a private mountain guide for a glacier walk, or a helicopter flight around the Matterhorn from Zermatt's heliport.",
jungfraujoch,1,reach,How to reach,"Fly into Zurich (ZRH); trains reach Interlaken in about 2 hours. From Interlaken, allow around 2 hours to the Jungfraujoch via Grindelwald and the Eiger Express, or via Lauterbrunnen and Kleine Scheidegg. From Pakistan, usually one stop via Dubai, Doha, Abu Dhabi or Istanbul.",
jungfraujoch,2,prepare,What to prepare,"Reserve seats on the final train in high season. Bring warm clothes, sunglasses and sun cream. Move slowly at the top; the thin air can cause headaches and breathlessness. A Schengen visa is required.",
jungfraujoch,3,custom,Best time to visit,"Clear days from June to September give the widest views, but winter can be equally bright. Go on the first trains of the morning, before clouds build and crowds arrive.",
jungfraujoch,4,custom,Make it special,"Stay at the Victoria-Jungfrau in Interlaken, and arrange a private guide to walk from the Jungfraujoch across the glacier to the Mönchsjoch Hut in summer.",
lucerne-chapel-bridge,1,reach,How to reach,"Fly into Zurich (ZRH). Direct trains reach Lucerne in about 1 hour, and the Chapel Bridge is a few minutes' walk from the station. From Pakistan, usually one stop via Dubai, Doha, Abu Dhabi or Istanbul.",
lucerne-chapel-bridge,2,prepare,What to prepare,Comfortable shoes for cobbles and the wall walk. Bring a light layer for boat trips. A Schengen visa is required.,
lucerne-chapel-bridge,3,custom,Best time to visit,May to October is best for lake cruises and mountain excursions. December brings Christmas markets. Early morning is quietest on the bridge.,
lucerne-chapel-bridge,4,custom,Make it special,"Take a private boat across Lake Lucerne, then ride up Mount Rigi or Pilatus for lunch above the clouds.",
glacier-express,1,reach,How to reach,"Fly into Zurich (ZRH) or Geneva (GVA). Reach Zermatt by train in about 3 hours 30 minutes to 4 hours via Visp; the Glacier Express departs from Zermatt station. The route can also be taken in reverse from St Moritz. From Pakistan, usually one stop via Dubai, Doha, Abu Dhabi or Istanbul.",
glacier-express,2,prepare,What to prepare,"Seat reservations are compulsory and sell out in summer; Excellence Class should be booked months ahead. Carry a layer, as the carriages are warm in the sun but the stations are cold. A Schengen visa is required.",
glacier-express,3,custom,Best time to visit,Summer offers green valleys and long daylight; winter brings deep snow and crisp views. Sit on the side recommended by the operator for your direction of travel.,
glacier-express,4,custom,Make it special,"Book Excellence Class, then continue to St Moritz's grand lakeside hotels for a few days in the Engadin.",
acropolis-athens,1,reach,How to reach,"Fly into Athens (ATH). Allow about 40 minutes by car or metro to the centre; Akropoli metro station is beside the Acropolis Museum and the southern entrance. From Pakistan, usually one stop via Dubai, Doha, Abu Dhabi or Istanbul.",
acropolis-athens,2,prepare,What to prepare,"Book a timed entry slot online in advance. Wear shoes with good grip; the ancient marble is polished and slippery. Bring water, a hat and sun cream, as there is little shade. A Schengen visa is required.",
acropolis-athens,3,custom,Best time to visit,April to June and September to October are best. Go at opening or in the last hours of the day for softer light and fewer people; midday in July and August is very hot.,
acropolis-athens,4,custom,Make it special,"Take a private archaeologist-guide for the first entry of the day, then dine on a rooftop in Plaka or at the Hotel Grande Bretagne facing the floodlit Parthenon.",
oia-santorini,1,reach,How to reach,"Fly into Santorini (JTR), about 25-30 minutes by car to Oia. Ferries from Piraeus near Athens take about 5 to 8 hours depending on the vessel. From Pakistan, usually one stop via Dubai, Doha, Abu Dhabi or Istanbul.",
oia-santorini,2,prepare,What to prepare,"Pack flat shoes for steep, polished steps, plus sunglasses and sun cream. Book hotels and sunset tables months ahead for summer. A Schengen visa is required.",
oia-santorini,3,custom,Best time to visit,"May, June, September and early October are warm with calmer crowds than July and August. The best light is at sunset, but early morning in Oia is peaceful and almost empty.",
oia-santorini,4,custom,Make it special,"Charter a private catamaran for the afternoon to swim at the volcanic hot springs and watch the sunset from the water, with dinner on board.",
meteora-monasteries,1,reach,How to reach,"Fly into Athens (ATH), then take the train to Kalambaka (about 4 to 5 hours) or drive (about 4 hours). Thessaloniki (SKG) is about 3 hours by car. From Pakistan, usually one stop via Dubai, Doha, Abu Dhabi or Istanbul.",
meteora-monasteries,2,prepare,What to prepare,"Dress modestly: women should wear skirts below the knee (wraps are often provided at the entrance), men long trousers, and shoulders covered for all. Each monastery closes on a different weekday, so check before you go. Expect many steps.",
meteora-monasteries,3,custom,Best time to visit,"April to June and September to October bring mild weather and clear views. Arrive at the first monasteries early, and stay for sunset from the viewpoints along the road.",
meteora-monasteries,4,custom,Make it special,"Walk the old monks' footpaths between monasteries with a private local guide, and end with sunset over the rocks.",
mykonos-little-venice,1,reach,How to reach,"Fly into Mykonos (JMK), about 10 minutes by car to town. Ferries from Piraeus or Rafina near Athens take about 2 hours 30 minutes to 5 hours. From Pakistan, usually one stop via Dubai, Doha, Abu Dhabi or Istanbul.",
mykonos-little-venice,2,prepare,What to prepare,"Bring sun protection and a hat for Delos, which has almost no shade. Check Delos boat times, as sailings depend on the weather. A Schengen visa is required.",
mykonos-little-venice,3,custom,Best time to visit,"May, June and September are warm and calmer than July and August, when the meltemi wind blows hard and the island is at its busiest. Little Venice is at its best at sunset.",
mykonos-little-venice,4,custom,Make it special,"Take a private boat to Delos with an archaeologist-guide early in the day, then continue to Rhenia's quiet coves for a swim.",
fushimi-inari-taisha,1,reach,How to reach,"Fly into Kansai International (KIX); the Haruka express reaches Kyoto Station in about 75 minutes. From Kyoto Station, JR Inari Station is two stops (about 5 minutes) and faces the shrine gate. From Pakistan, usually one stop via Dubai, Doha, Abu Dhabi or Istanbul.",
fushimi-inari-taisha,2,prepare,What to prepare,"Wear comfortable shoes for many stone steps, and carry water. The shrine is free to enter. Pakistani passport holders need a Japanese visa arranged in advance. Bow slightly when passing through the main gate and walk to the side of the path.",
fushimi-inari-taisha,3,custom,Best time to visit,"November for autumn colour and late March to early April for cherry blossom, though these are busiest. Go at dawn or in the early evening, when the lanterns are lit and the trails are quiet.",
kinkaku-ji,1,reach,How to reach,"Fly into Kansai International (KIX) and take the Haruka express to Kyoto Station (about 75 minutes). From there, Kinkaku-ji is about 30-40 minutes by taxi or city bus in north-western Kyoto. From Pakistan, usually one stop via Dubai, Doha, Abu Dhabi or Istanbul.",
kinkaku-ji,2,prepare,What to prepare,"The garden route is one-way and busy, so allow time. The pavilion itself cannot be entered. Pakistani passport holders need a Japanese visa arranged in advance.",
kinkaku-ji,3,custom,Best time to visit,"Arrive at opening for calm water and reflections. Autumn maples in November are lovely, and a rare snowfall in winter makes the gold stand out against white.",
kinkaku-ji,4,custom,Good to know,"Combine the visit with nearby Ryōan-ji and its famous rock garden, a short taxi ride away.",
arashiyama-bamboo-grove,1,reach,How to reach,"Fly into Kansai International (KIX) and take the Haruka express to Kyoto Station (about 75 minutes). From Kyoto Station, the JR Sagano Line reaches Saga-Arashiyama in about 15 minutes. From Pakistan, usually one stop via Dubai, Doha, Abu Dhabi or Istanbul.",
arashiyama-bamboo-grove,2,prepare,What to prepare,"Walk the grove quietly and keep to the path. Wear comfortable shoes; shoes are removed inside temple halls, so socks without holes help. Pakistani passport holders need a Japanese visa arranged in advance.",
arashiyama-bamboo-grove,3,custom,Best time to visit,"Go at dawn, before tour groups arrive. November brings autumn colour and early April cherry blossom, both busy seasons.",
arashiyama-bamboo-grove,4,custom,Make it special,"Stay at Hoshinoya Kyoto, arriving by private boat along the river, or take a traditional boat through the Hozu river gorge.",
senso-ji,1,reach,How to reach,"Fly into Tokyo Haneda (HND), about 30-40 minutes by car or train, or Narita (NRT), about 1 hour by direct train to Asakusa Station, a few minutes' walk from the temple. From Pakistan, usually one stop via Dubai, Doha, Abu Dhabi or Istanbul.",
senso-ji,2,prepare,What to prepare,Carry some cash for small stalls and fortune slips. The temple grounds are free. Pakistani passport holders need a Japanese visa arranged in advance.,
senso-ji,3,custom,Best time to visit,"Early morning is quiet and the grounds stay open after dark, when the buildings are lit. The Sanja Matsuri festival fills Asakusa in May, and cherry blossom follows in late March to early April.",
senso-ji,4,custom,Make it special,"Take a private rickshaw ride through Asakusa, then continue by boat along the Sumida River.",
hakone-lake-ashi,1,reach,How to reach,"Fly into Tokyo Haneda (HND) or Narita (NRT). The Romancecar from Shinjuku reaches Hakone-Yumoto in about 1 hour 30 minutes, or take the shinkansen from Tokyo to Odawara in about 35 minutes and change for the local line. From Pakistan, usually one stop via Dubai, Doha, Abu Dhabi or Istanbul.",
hakone-lake-ashi,2,prepare,What to prepare,"Pack light; ryokan provide yukata robes. Communal baths are taken without swimwear, and many restrict tattoos, so a room with a private onsen is ideal. Pakistani passport holders need a Japanese visa arranged in advance.",
hakone-lake-ashi,3,custom,Best time to visit,"Late October to February gives the clearest Fuji views, often in the morning. Autumn colour peaks in November. Summer is humid, and Fuji is often hidden by cloud.",
hakone-lake-ashi,4,custom,Make it special,"Book a ryokan suite with an open-air bath facing the mountains and an in-room kaiseki dinner, served course by course by your attendant.",
neuschwanstein-castle,1,reach,How to reach,"Fly into Munich (MUC). Trains from Munich run to Füssen in about two hours, then a short bus ride reaches Hohenschwangau; by car it is roughly two hours. From Pakistan, usually one stop via Dubai, Doha, Abu Dhabi or Istanbul.",
neuschwanstein-castle,2,prepare,What to prepare,"Buy timed tour tickets online well ahead, as same-day tickets often sell out; tickets are for a fixed entry slot. The walk up from the village takes about 30 to 40 minutes, so wear comfortable shoes. Photography is not allowed inside. A Schengen visa is required.",
neuschwanstein-castle,3,custom,Best time to visit,"May, June, September and early October bring mild weather and green or golden hillsides. Take the earliest tour slot to avoid the midday crowds. Winter snow is beautiful, but the Marienbrücke may close in icy conditions.",
neuschwanstein-castle,4,custom,Make it special,"Stay a night by the Alpsee and walk up at first light before the coaches arrive, or arrange a private guide who can also take you to Linderhof Palace, Ludwig's smaller retreat.",
berlin-brandenburg-gate-museum-island,1,reach,How to reach,"Fly into Berlin Brandenburg (BER). Airport trains reach the city centre in about 30 minutes. From Pakistan, usually one stop via Dubai, Doha, Abu Dhabi or Istanbul.",
berlin-brandenburg-gate-museum-island,2,prepare,What to prepare,"Visits to the Reichstag dome are free but must be registered online in advance, with photo ID on the day. Book timed museum tickets ahead and wear good walking shoes; the city is large and spread out. A Schengen visa is required.",
berlin-brandenburg-gate-museum-island,3,custom,Best time to visit,May to September offers long days and outdoor cafés. December brings Christmas markets. Visit the Reichstag dome at sunset for the view over the Tiergarten.,
berlin-brandenburg-gate-museum-island,4,custom,Make it special,"Hire a private historian-guide for a Cold War walk, from Checkpoint Charlie to Bernauer Strasse, then end with dinner in Mitte.",
rhine-valley-castles,1,reach,How to reach,"Fly into Frankfurt (FRA). Trains reach Bingen or Koblenz in around one to one and a half hours, and riverside rail lines run along both banks. From Pakistan, usually one stop via Dubai, Doha, Abu Dhabi or Istanbul.",
rhine-valley-castles,2,prepare,What to prepare,"Check river-boat timetables in advance, as sailings are reduced outside the main season. Bring a light layer for the deck and comfortable shoes for castle climbs. A Schengen visa is required.",
rhine-valley-castles,3,custom,Best time to visit,May to October is the boating season. September and October add the grape harvest and local wine festivals. Mornings on the water are calmest.,
rhine-valley-castles,4,custom,Make it special,"Book a private tasting at a family Riesling estate, then take the afternoon boat downstream past the Lorelei.",
black-forest,1,reach,How to reach,"Fly into Frankfurt (FRA), Stuttgart (STR) or EuroAirport Basel-Mulhouse-Freiburg (BSL). Trains from Frankfurt reach Baden-Baden in about an hour and a half; a car is best for the high road and villages. From Pakistan, usually one stop via Dubai, Doha, Abu Dhabi or Istanbul.",
black-forest,2,prepare,What to prepare,"Bring layers and a rain jacket, as mountain weather changes quickly. Walking shoes are essential for trails and waterfalls. Some traditional spas have nude-only areas, so check the house rules before booking. A Schengen visa is required.",
black-forest,3,custom,Best time to visit,June to September suits walking and driving. October brings autumn colour. December to March brings snow and cross-country skiing on the higher ground.,
black-forest,4,custom,Make it special,"Spend an afternoon at the Friedrichsbad, then dine in one of the Black Forest's Michelin-starred restaurants.",
schonbrunn-palace,1,reach,How to reach,"Fly into Vienna (VIE). The City Airport Train reaches Wien Mitte in about 16 minutes, then the U4 line runs to Schönbrunn station. From Pakistan, usually one stop via Dubai, Doha, Abu Dhabi or Istanbul.",
schonbrunn-palace,2,prepare,What to prepare,"Book a timed ticket for the palace tour online, as slots sell out in summer. Allow extra time for the gardens and wear comfortable shoes for the climb to the Gloriette. A Schengen visa is required.",
schonbrunn-palace,3,custom,Best time to visit,"April to June and September to October have pleasant weather and gardens in bloom. Arrive for the first entry slot. In December, a Christmas market fills the forecourt.",
schonbrunn-palace,4,custom,Make it special,"Take a private after-hours or early guided tour where available, then an evening concert in the Orangery.",
salzburg-old-town,1,reach,How to reach,"Fly into Salzburg (SZG), about 20 minutes from the centre, or into Vienna (VIE) or Munich (MUC). Trains from Vienna take about two and a half hours; from Munich, around one and a half to two hours. From Pakistan, usually one stop via Dubai, Doha, Abu Dhabi or Istanbul.",
salzburg-old-town,2,prepare,What to prepare,"Book Salzburg Festival tickets months ahead if you plan to attend. Old-town streets are cobbled, so wear flat shoes. Bring an umbrella; Salzburg is known for rain. A Schengen visa is required.",
salzburg-old-town,3,custom,Best time to visit,"May, June and September bring mild weather with fewer crowds. July and August are festival season, lively but busy. Advent brings Christmas markets in the cathedral square.",
salzburg-old-town,4,custom,Make it special,"Book a private chamber-music evening or a dinner concert at the fortress, then return through the lit old town.",
hallstatt,1,reach,How to reach,"Fly into Salzburg (SZG); Hallstatt is about one and a half hours by car. By train, Hallstatt station sits across the lake, and a small ferry crosses to the village in about ten minutes. From Pakistan, usually one stop via Dubai, Doha, Abu Dhabi or Istanbul.",
hallstatt,2,prepare,What to prepare,"Book accommodation early, as rooms are few. Respect residents' privacy and keep to public paths. Bring layers and good shoes for the salt mine, which stays cool year-round. A Schengen visa is required.",
hallstatt,3,custom,Best time to visit,"May, June and September to October offer mild weather. Visit early morning or evening, when the day-trip crowds have gone and the lake is often still. Winter snow is atmospheric, and much quieter.",
hallstatt,4,custom,Make it special,"Take a private boat on the lake at dawn, or a guided walk in the Dachstein caves at nearby Obertraun.",
belem-lisbon,1,reach,How to reach,"Fly into Lisbon (LIS). Belém is about 25 minutes by taxi from the airport; from central Lisbon, tram 15 or a short train from Cais do Sodré takes around 20 minutes. From Pakistan, usually one stop via Dubai, Doha, Abu Dhabi or Istanbul.",
belem-lisbon,2,prepare,What to prepare,"Book timed entry to the monastery and tower online, and check closing days before you go. Wear flat shoes for cobbles and the tower's narrow stairs. A Schengen visa is required.",
belem-lisbon,3,custom,Best time to visit,March to June and September to October have mild weather. Arrive at opening time; queues build by late morning. Late afternoon light on the riverfront is soft and golden.,
belem-lisbon,4,custom,Make it special,"Arrange a private guide for the monastery, then a sunset sail on the Tagus past the Belém Tower.",
sintra-pena-palace,1,reach,How to reach,"Fly into Lisbon (LIS). Trains from Lisbon's Rossio station reach Sintra in about 40 minutes, and a car takes a similar time. From Pakistan, usually one stop via Dubai, Doha, Abu Dhabi or Istanbul.",
sintra-pena-palace,2,prepare,What to prepare,"Buy timed tickets for Pena Palace online, especially in summer. Roads to the palaces are narrow and steep, so use the local shuttle, a taxi or a private driver rather than driving yourself. Bring a light jacket, as Sintra is often cooler and mistier than Lisbon. A Schengen visa is required.",
sintra-pena-palace,3,custom,Best time to visit,"Spring and autumn are ideal. Take the first entry slot at Pena, before the tour groups. Weekdays are quieter than weekends.",
sintra-pena-palace,4,custom,Make it special,"Hire a private guide and driver for a full day covering Pena, Regaleira and the Monserrate gardens, then lunch on the coast at Cascais.",
porto-douro-valley,1,reach,How to reach,"Fly into Porto (OPO), about 30 minutes from the centre. Trains from Lisbon take about three hours. The Douro line runs from Porto's São Bento station to Pinhão in about two and a half hours, along the river. From Pakistan, usually one stop via Dubai, Doha, Abu Dhabi or Istanbul.",
porto-douro-valley,2,prepare,What to prepare,"Book quinta visits and tastings ahead, as many are by appointment. Porto is hilly, so wear comfortable shoes. Arrange a designated driver if you plan to taste. A Schengen visa is required.",
porto-douro-valley,3,custom,Best time to visit,"May, June and September are ideal. The harvest runs from mid-September into October, when estates are busiest and most atmospheric. Midsummer in the valley can be very hot.",
porto-douro-valley,4,custom,Make it special,"Charter a private boat on the Douro, or take a vintage tasting at a historic quinta with lunch among the terraces.",
algarve-coast,1,reach,How to reach,"Fly into Faro (FAO). The central Algarve is 30 to 60 minutes by car from the airport, and Lagos about an hour. From Lisbon, it is about two and a half to three hours by road or train. From Pakistan, usually one stop via Dubai, Doha, Abu Dhabi or Istanbul.",
algarve-coast,2,prepare,What to prepare,"Book cave trips with licensed operators, as access rules for Benagil have tightened. Bring sun protection, water and good shoes for the clifftop trail. A Schengen visa is required.",
algarve-coast,3,custom,Best time to visit,"May, June and September have warm seas and fewer crowds than July and August. Go to Benagil early in the morning, when seas are often calmest. Winter is mild and suits walking.",
algarve-coast,4,custom,Make it special,"Charter a private boat along the cliffs, stopping at coves only reachable from the sea.",
amsterdam-canals-rijksmuseum,1,reach,How to reach,"Fly into Amsterdam Schiphol (AMS). Trains reach Amsterdam Centraal in about 15 to 20 minutes. From Pakistan, usually one stop via Dubai, Doha, Abu Dhabi or Istanbul.",
amsterdam-canals-rijksmuseum,2,prepare,What to prepare,"Book timed tickets online for the Rijksmuseum, Van Gogh Museum and Anne Frank House, which sells out weeks ahead. Watch for cyclists and keep out of bike lanes. Bring a rain jacket in every season. A Schengen visa is required.",
amsterdam-canals-rijksmuseum,3,custom,Best time to visit,"April to June and September have mild weather. Visit museums at opening time or late in the day. The canals are prettiest in the evening, when the bridges are lit.",
amsterdam-canals-rijksmuseum,4,custom,Make it special,"Take a private boat on a restored saloon launch at dusk, with drinks on board, through the quieter western canals.",
keukenhof-gardens,1,reach,How to reach,"Fly into Amsterdam Schiphol (AMS). Seasonal express buses run from Schiphol to Keukenhof in about 30 minutes, and it is similar by car. From Pakistan, usually one stop via Dubai, Doha, Abu Dhabi or Istanbul.",
keukenhof-gardens,2,prepare,What to prepare,"Buy timed tickets online in advance; the park only opens in spring. Bring layers and a light rain jacket, as April weather is changeable. Comfortable shoes help, since the paths cover several kilometres. A Schengen visa is required.",
keukenhof-gardens,3,custom,Best time to visit,"Mid-April is usually peak tulip season, though it varies with the weather. Arrive at opening or come in late afternoon to avoid tour coaches. Weekdays are quieter.",
keukenhof-gardens,4,custom,Make it special,"Take a private guide by bicycle through the surrounding bulb fields, or a scenic flight over them in April.",
kinderdijk-windmills,1,reach,How to reach,"Fly into Amsterdam Schiphol (AMS). Trains reach Rotterdam in about 30 minutes; from Rotterdam, the water bus reaches Kinderdijk in around 40 minutes, or a car takes about 30 minutes. From Pakistan, usually one stop via Dubai, Doha, Abu Dhabi or Istanbul.",
kinderdijk-windmills,2,prepare,What to prepare,"Buy tickets online for the museum mills and boat. The site is open and windy, so bring a warm, waterproof layer. Bicycles can be rented to ride the canal paths. A Schengen visa is required.",
kinderdijk-windmills,3,custom,Best time to visit,"April to October is best. On National Mill Day, the second weekend of May, many mills turn and open their doors. Early morning or late afternoon light suits photography.",
kinderdijk-windmills,4,custom,Make it special,Arrive by private water taxi from Rotterdam and walk the mill path at sunset.,
dubrovnik-city-walls,1,reach,How to reach,"Fly into Dubrovnik (DBV), about 30 minutes from the old town by car. From Pakistan, usually one stop via Dubai, Doha, Abu Dhabi or Istanbul.",
dubrovnik-city-walls,2,prepare,What to prepare,"Buy wall tickets in advance or at the entrance, and bring water and sun protection; there is little shade on the walls. Wear flat, non-slip shoes for polished stone. Dress modestly in churches. Croatia is in the Schengen area, so a Schengen visa is required.",
dubrovnik-city-walls,3,custom,Best time to visit,"May, June, September and October offer warm weather with fewer crowds than midsummer. Walk the walls at opening time or late afternoon, when cruise passengers thin out. The Dubrovnik Summer Festival fills July and August with open-air performances.",
dubrovnik-city-walls,4,custom,Make it special,"Take a private boat to the island of Lokrum or the Elaphiti Islands, and return for dinner on a terrace overlooking the old harbour.",
plitvice-lakes,1,reach,How to reach,"Fly into Zagreb (ZAG) or Zadar (ZAD). The park is about two hours by car from Zagreb and around one and a half hours from Zadar. From Pakistan, usually one stop via Dubai, Doha, Abu Dhabi or Istanbul.",
plitvice-lakes,2,prepare,What to prepare,"Buy timed tickets online, which are required in the busy season. Wear good walking shoes, as boardwalks can be wet and have no railings. Bring a light jacket; the park is cooler than the coast. A Schengen visa is required.",
plitvice-lakes,3,custom,Best time to visit,"May, June, September and October are best, with strong waterfalls in spring and autumn colour in October. Arrive at opening time for quiet walkways. In winter, parts of the park freeze and some trails close.",
plitvice-lakes,4,custom,Make it special,"Book a private naturalist guide for an early walk before the gates fill, then lunch at a country restaurant in the Lika hills.",
diocletians-palace-split,1,reach,How to reach,"Fly into Split (SPU), about 30 minutes from the centre by car. Split is also a ferry hub for the islands. From Pakistan, usually one stop via Dubai, Doha, Abu Dhabi or Istanbul.",
diocletians-palace-split,2,prepare,What to prepare,"Buy tickets for the cathedral, bell tower and substructures on site. Wear comfortable shoes for stone steps. Dress modestly in the cathedral, with shoulders and knees covered. A Schengen visa is required.",
diocletians-palace-split,3,custom,Best time to visit,"May, June, September and October bring warm weather and fewer crowds. Visit early morning or in the evening, when the Peristyle is lit and the day-trippers leave.",
diocletians-palace-split,4,custom,Make it special,"Take a private guided walk at dusk, then dine on the Riva waterfront.",
hvar-island,1,reach,How to reach,"Fly into Split (SPU). From Split harbour, fast catamarans reach Hvar town in about one hour, and car ferries reach Stari Grad in around two hours. From Pakistan, usually one stop via Dubai, Doha, Abu Dhabi or Istanbul.",
hvar-island,2,prepare,What to prepare,Book ferry and catamaran seats ahead in summer. Bring sun protection and water shoes for pebble beaches. Hvar town has rules against wearing swimwear in the streets. A Schengen visa is required.,
hvar-island,3,custom,Best time to visit,"June and September are ideal, with warm seas and fewer crowds. Late June to July brings lavender in bloom. July and August are busiest, especially in Hvar town's nightlife.",
hvar-island,4,custom,Make it special,"Charter a private boat to the Pakleni Islands for swimming and a seafood lunch, returning to Hvar at sunset.",
great-wall-mutianyu,1,reach,How to reach,"Fly into Beijing Capital (PEK) or Beijing Daxing (PKX). Mutianyu lies about 70 kilometres northeast of the city, usually 1.5 to 2 hours by private car, a little less from Capital airport. From Pakistan, usually one stop via Dubai, Doha, Abu Dhabi or Istanbul.",
great-wall-mutianyu,2,prepare,What to prepare,"Wear shoes with good grip, as some steps are steep and uneven. Carry water and a layer for the wind on the ridge, and bring your passport, which is needed to buy tickets in China.",
great-wall-mutianyu,3,custom,Best time to visit,"April to May and September to October bring clear skies and mild weather, with October's autumn colour the highlight. Arrive at opening on a weekday to have long stretches to yourself; avoid Chinese national holidays, especially the first week of October.",
forbidden-city,1,reach,How to reach,"Fly into Beijing Capital (PEK), about 45 minutes by car, or Beijing Daxing (PKX), about an hour. Tiananmen East station on Metro Line 1 is the closest stop to the entrance. From Pakistan, usually one stop via Dubai, Doha, Abu Dhabi or Istanbul.",
forbidden-city,2,prepare,What to prepare,"Tickets are timed, sold in advance under your passport name and capped each day, so book several days ahead, especially in summer. Bring the same passport for entry. Expect a lot of walking on stone paving, so wear comfortable shoes. The museum is closed on most Mondays.",
forbidden-city,3,custom,Best time to visit,"Spring and autumn are the most comfortable, with October skies usually clearest. Enter at opening and head straight for the inner courts before the tour groups arrive. Winter is cold but quiet, and snow on the yellow roofs is a rare treat.",
terracotta-army,1,reach,How to reach,"Fly into Xi'an Xianyang (XIY), or take the high-speed train from Beijing, about 4.5 to 6 hours. The site is roughly 40 kilometres east of the city centre, about an hour by car. From Pakistan, usually one stop via Dubai, Doha, Abu Dhabi or Istanbul.",
terracotta-army,2,prepare,What to prepare,"Buy tickets in advance with your passport details and hire a licensed guide, as signage is limited and the history makes far more sense explained. Wear comfortable shoes; the three pits and museum involve plenty of walking.",
terracotta-army,3,custom,Best time to visit,"March to May and September to November are mild. Arrive at opening, visit Pit 1 first, then the smaller pits once the tour groups move in. Avoid Chinese national holidays, when the halls are packed.",
terracotta-army,4,custom,Make it special,"Pair the visit with an evening cycle or walk along Xi'an's 14-kilometre Ming city wall, followed by a private dinner of Shaanxi dishes in the old Muslim quarter.",
li-river-cruise,1,reach,How to reach,"Fly into Guilin Liangjiang (KWL). Cruises leave from piers south of Guilin, about 45 minutes by car, and end at Yangshuo, around 1.5 hours by road back to Guilin. From Pakistan, usually one stop via Dubai, Doha, Abu Dhabi or Istanbul.",
li-river-cruise,2,prepare,What to prepare,"Book cruise tickets ahead in peak season and carry your passport. Bring a light rain jacket and sun protection, as the weather changes quickly on the water.",
li-river-cruise,3,custom,Best time to visit,"April to October has the fullest river and greenest hills, though summer is hot and wet. September to November is often the best balance of clear air and good water levels. In the dry winter months low water can shorten the cruise route. Early morning brings mist around the peaks.",
ubud-tegallalang-rice-terraces,1,reach,How to reach,"Fly into Bali's Ngurah Rai International (DPS). Ubud is 1 to 1.5 hours by car, longer in heavy traffic, and Tegallalang a further 30 minutes north. From Pakistan, usually one stop via Dubai, Doha, Abu Dhabi or Istanbul.",
ubud-tegallalang-rice-terraces,2,prepare,What to prepare,"Carry a sarong and sash for temple visits, which are often provided at the entrance. Wear shoes with grip for the terrace paths, which can be muddy. Small cash is useful for donations and village entry fees.",
ubud-tegallalang-rice-terraces,3,custom,Best time to visit,"April to October is the dry season, with May, June and September the most pleasant. Visit Tegallalang soon after sunrise for mist and few people. Galungan, a major Balinese festival, brings bamboo poles and offerings to every village.",
uluwatu-temple,1,reach,How to reach,"Fly into Bali's Ngurah Rai International (DPS). The temple is about 45 minutes to an hour south by car, depending on traffic. From Pakistan, usually one stop via Dubai, Doha, Abu Dhabi or Istanbul.",
uluwatu-temple,2,prepare,What to prepare,"Cover your knees; sarongs and sashes are provided at the gate. Remove hats and sunglasses near the monkeys and keep bags zipped. Buy kecak tickets early, online or at the gate, as the seats fill well before sunset.",
uluwatu-temple,3,custom,Best time to visit,"April to October brings dry weather and the clearest sunsets. Arrive in the late afternoon, walk the cliff paths, then take your seat for the kecak dance at dusk.",
uluwatu-temple,4,custom,Make it special,"Book a sunset dinner at one of the cliff-edge resorts nearby, or a private surf lesson on the Bukit's reef breaks earlier in the day.",
borobudur,1,reach,How to reach,"Fly into Yogyakarta International (YIA), about an hour by car to Borobudur, or connect via Jakarta or Bali. From central Yogyakarta the drive is 1 to 1.5 hours. From Pakistan, usually one stop via Dubai, Doha, Abu Dhabi or Istanbul.",
borobudur,2,prepare,What to prepare,"Book the climbing ticket online well ahead, as daily numbers are capped; otherwise you can only view the monument from the grounds. Cover shoulders and knees, bring a hat and water, and expect heat by mid-morning.",
borobudur,3,custom,Best time to visit,"May to September is the dry season. Arrive early morning for softer light and cooler air. Vesak, usually in May or June, brings a candlelit procession of monks from nearby Mendut, though crowds are very large.",
borobudur,4,custom,Make it special,"Watch the sunrise over the monument and the surrounding volcanoes from Punthuk Setumbu hill, then combine the day with the Hindu temples of Prambanan with a private guide.",
komodo-national-park,1,reach,How to reach,"Fly to Labuan Bajo Komodo Airport (LBJ), usually via Bali (DPS), a flight of around an hour, or via Jakarta. Boats reach Rinca in about two hours and Komodo island in three to four. From Pakistan, usually one stop via Dubai, Doha, Abu Dhabi or Istanbul.",
komodo-national-park,2,prepare,What to prepare,"Dragon walks must be made with park rangers; keep to the trail and never approach the animals. Bring reef-safe sunscreen, a hat, sturdy shoes for Padar and seasickness tablets. Diving here suits experienced divers because of strong currents.",
komodo-national-park,3,custom,Best time to visit,"April to November is the dry season, with calmer seas and clear water. Manta sightings are good across much of the year. Plan an early start for Padar at sunrise and dragon walks, before the midday heat.",
ha-long-bay,1,reach,How to reach,"Fly into Hanoi's Noi Bai International (HAN). The expressway to the Ha Long piers takes about 2.5 hours by car. Van Don International (VDO) is closer but has fewer flights. From Pakistan, usually one stop via Dubai, Doha, Abu Dhabi or Istanbul.",
ha-long-bay,2,prepare,What to prepare,"Book a reputable small-ship cruise well ahead and choose one or two nights; a day trip feels rushed. Pack soft shoes for cave steps, swimwear and a light layer for the evenings on deck.",
ha-long-bay,3,custom,Best time to visit,"March to May and September to November bring the best mix of calm water and comfortable weather. June to August is hot and can bring typhoons that cancel sailings. Winter is cool and often misty, which suits the scenery but not swimming.",
ha-long-bay,4,custom,Make it special,"Charter a private junk for your party, with a chef, sunset drinks on the sundeck and an early morning kayak before other boats arrive.",
hoi-an-ancient-town,1,reach,How to reach,"Fly into Da Nang International (DAD). Hoi An is about 45 minutes south by car. From Pakistan, usually one stop via Dubai, Doha, Abu Dhabi or Istanbul.",
hoi-an-ancient-town,2,prepare,What to prepare,"An old town ticket covers entry to a set number of historic houses and halls. Dress modestly for temples and assembly halls. Tailors can make clothes within a day or two, so order early in your stay.",
hoi-an-ancient-town,3,custom,Best time to visit,February to April is dry and mild. Summer is hot but good for the beaches. October and November bring heavy rain and occasional flooding of the old town. Visit at dawn for quiet lanes and after dusk for the lanterns.,
hoi-an-ancient-town,4,custom,Good to know,"Cars are kept out of much of the old town, so arrive on foot, by bicycle or by electric cart from your hotel.",
hanoi-old-quarter,1,reach,How to reach,"Fly into Noi Bai International (HAN), about 45 minutes by car from the Old Quarter. From Pakistan, usually one stop via Dubai, Doha, Abu Dhabi or Istanbul.",
hanoi-old-quarter,2,prepare,What to prepare,"Carry small Vietnamese dong notes for street stalls. Cross roads at a slow, steady pace so motorbikes can flow around you. Cover shoulders and knees for temples.",
hanoi-old-quarter,3,custom,Best time to visit,"October to December and March to April are the most comfortable, with mild days and low humidity. Summer is hot and wet, and January to February can be grey and cool. Early morning shows the lake at its most local, with tai chi and badminton on the shore.",
hanoi-old-quarter,4,custom,Make it special,"Take a private evening food walk with a local guide, ending with a water puppet performance near the lake.",
hue-imperial-city,1,reach,How to reach,"Fly into Phu Bai International (HUI), about 30 minutes from the city. From Hoi An, the drive over the Hai Van Pass takes around three hours. From Pakistan, usually one stop via Dubai, Doha, Abu Dhabi or Istanbul.",
hue-imperial-city,2,prepare,What to prepare,"Wear light clothing that covers shoulders and knees for the pagodas and tombs. Bring a hat and water, as the citadel has little shade. A driver makes it easy to combine two or three tombs in a day.",
hue-imperial-city,3,custom,Best time to visit,"February to April is the best window, mild and mostly dry. Summer is very hot, and September to December brings heavy rain and floods. Start at the citadel early, visit the tombs in the afternoon light, and finish with a boat on the river at dusk.",
gyeongbokgung-palace,1,reach,How to reach,"Fly into Incheon International (ICN). The AREX express train reaches Seoul Station in about 45 minutes, then it is a short subway or taxi ride to Gyeongbokgung station on Line 3. From Pakistan, usually one stop via Dubai, Doha, Abu Dhabi or Istanbul.",
gyeongbokgung-palace,2,prepare,What to prepare,"The palace is closed on Tuesdays. Wear comfortable shoes for the gravel courtyards, and consider renting a hanbok nearby for free entry and a different experience of the palace.",
gyeongbokgung-palace,3,custom,Best time to visit,"April brings cherry and magnolia blossom, and late October to early November autumn colour. Arrive at opening for quiet courtyards, and check dates for the seasonal night openings, which sell out quickly.",
gyeongbokgung-palace,4,custom,Make it special,Book a private guide to explain court life and continue on foot to neighbouring Bukchon and the Secret Garden of Changdeokgung.,
bukchon-hanok-village,1,reach,How to reach,"Fly into Incheon International (ICN), then take the AREX train to Seoul Station, about 45 minutes, and continue by taxi or subway to Anguk station on Line 3. From Pakistan, usually one stop via Dubai, Doha, Abu Dhabi or Istanbul.",
bukchon-hanok-village,2,prepare,What to prepare,"Wear comfortable shoes for steep, stepped lanes. Speak softly, do not enter private doorways and respect the visiting hours posted at the neighbourhood entrances.",
bukchon-hanok-village,3,custom,Best time to visit,"Spring and autumn are the most pleasant, with mild weather and clear light. Visit mid-morning on a weekday, when lanes are quietest, and combine it with Gyeongbokgung the same day.",
bukchon-hanok-village,4,custom,Make it special,"Take a private tea ceremony or a craft class, such as knot-making or natural dyeing, in one of the traditional workshops.",
jeju-island,1,reach,How to reach,"Fly into Jeju International (CJU), about an hour from Seoul Gimpo (GMP) on one of the world's busiest air routes. Hiring a car or driver is the easiest way to get around the island. From Pakistan, usually one stop via Dubai, Doha, Abu Dhabi or Istanbul.",
jeju-island,2,prepare,What to prepare,"The Hallasan summit trails require an advance online reservation; book early and bring layers, as the summit is far colder than the coast. Carry a rain jacket, as the weather turns quickly.",
jeju-island,3,custom,Best time to visit,"April to May brings canola flowers and cherry blossom, and September to November clear skies and autumn silver grass. July and August are hot and busy, with typhoons possible. Climb Seongsan Ilchulbong at dawn for the sunrise over the sea.",
gyeongju-historic-areas,1,reach,How to reach,"Fly into Incheon International (ICN) and take the KTX from Seoul to Singyeongju, about two to 2.5 hours. Gimhae International (PUS) near Busan is about an hour by car. From Pakistan, usually one stop via Dubai, Doha, Abu Dhabi or Istanbul.",
gyeongju-historic-areas,2,prepare,What to prepare,"Cover shoulders and knees for the temples. Wear comfortable shoes; the sites are spread out, so a car or bicycle helps. Seokguram involves a short uphill walk from the car park.",
gyeongju-historic-areas,3,custom,Best time to visit,"Early April brings cherry blossom around Bomun Lake, and late October to early November deep autumn colour at Bulguksa. Visit Bulguksa in the morning and Wolji Pond after dark.",
gardens-by-the-bay,1,reach,How to reach,"Fly into Singapore Changi (SIN), about 20 minutes by taxi. Bayfront MRT station is a short walk from the gardens. From Pakistan, usually one stop via Dubai, Doha, Abu Dhabi or Istanbul.",
gardens-by-the-bay,2,prepare,What to prepare,"Book conservatory tickets online in advance, particularly at weekends. Wear light clothes and carry an umbrella for sudden showers; bring a light layer for the cool Cloud Forest.",
gardens-by-the-bay,3,custom,Best time to visit,"Singapore is warm all year. February to April tends to be drier, while November to January is the wettest period. Visit the conservatories in the afternoon heat, then stay for the evening light show at the Supertrees.",
marina-bay-waterfront,1,reach,How to reach,"Fly into Singapore Changi (SIN), about 20 to 25 minutes by taxi. Bayfront, Marina Bay and Raffles Place MRT stations all serve the waterfront. From Pakistan, usually one stop via Dubai, Doha, Abu Dhabi or Istanbul.",
marina-bay-waterfront,2,prepare,What to prepare,Wear light clothing and carry water and an umbrella. Book the SkyPark observation deck or rooftop restaurants ahead for sunset slots.,
marina-bay-waterfront,3,custom,Best time to visit,"Visit year-round; February to April is usually drier. The late afternoon walk into sunset and the evening shows is the best time. The Formula One night race and the National Day celebrations in August bring the bay to life, and big crowds.",
marina-bay-waterfront,4,custom,Make it special,"Book a sunset table at a rooftop restaurant overlooking the bay, or a private bumboat on the Singapore River.",
sentosa-island,1,reach,How to reach,"Fly into Singapore Changi (SIN), about 25 to 30 minutes by car to Sentosa. From HarbourFront MRT, cross by the Sentosa Express monorail, the cable car or the walking boardwalk. From Pakistan, usually one stop via Dubai, Doha, Abu Dhabi or Istanbul.",
sentosa-island,2,prepare,What to prepare,"Buy theme park tickets online ahead, especially during school holidays. Bring swimwear, sun protection and light rain gear.",
sentosa-island,3,custom,Best time to visit,"Any time of year works, with February to April usually driest. Weekdays outside school holidays are quietest. Arrive at opening for Universal Studios, then spend the late afternoon on the beach.",
north-male-atoll-resorts,1,reach,How to reach,"Fly into Velana International (MLE) on Hulhulé island. Resort speedboats take roughly 15 to 45 minutes to reach most North Malé Atoll islands. From Pakistan, usually one stop via Dubai, Doha, Abu Dhabi or Istanbul.",
north-male-atoll-resorts,2,prepare,What to prepare,"Visa on arrival is free for all nationalities, but you need a confirmed resort booking. Pack light clothing, reef-safe sunscreen and a rash vest. Alcohol is served only at resorts, and modest dress is expected on local islands and in Malé.",
north-male-atoll-resorts,3,custom,Best time to visit,"December to April is the dry northeast monsoon season with calm seas and clear water. May to November brings more rain and wind, but also lower rates and the best surf. Snorkel the house reef in the morning, when the water is calm and fish are active.",
north-male-atoll-resorts,4,custom,Make it special,"Arrange a private sandbank dinner under the stars, or charter a yacht for a day of snorkelling and a sunset dolphin cruise.",
hanifaru-bay,1,reach,How to reach,"Fly into Velana International (MLE), then take a seaplane to Baa Atoll, about 35 to 45 minutes, or a domestic flight to Dharavandhoo (DRV) followed by a short boat ride. From Pakistan, usually one stop via Dubai, Doha, Abu Dhabi or Istanbul.",
hanifaru-bay,2,prepare,What to prepare,"Excursions are run through licensed operators and resorts; ask your resort to book. Be a confident snorkeller, wear a rash vest and fins, and follow ranger instructions to keep your distance from the mantas.",
hanifaru-bay,3,custom,Best time to visit,"The season runs roughly from June to November, with the busiest feeding often between July and October, especially around the new and full moons. Sightings depend on tides and plankton, so allow several days in the atoll.",
hanifaru-bay,4,custom,Good to know,Choose a resort with a marine biologist on staff; they follow conditions closely and often call guests out at short notice when the mantas arrive.,
ari-atoll-whale-sharks,1,reach,How to reach,"Fly into Velana International (MLE), then take a seaplane to South Ari, about 25 to 35 minutes, or a domestic flight to Maamigili (VAM) and a short boat transfer. From Pakistan, usually one stop via Dubai, Doha, Abu Dhabi or Istanbul.",
ari-atoll-whale-sharks,2,prepare,What to prepare,"Book with a licensed operator or through your resort. Bring a rash vest, reef-safe sunscreen and good fins; the sharks can move faster than they appear. Keep to the code of conduct and stay behind the guide.",
ari-atoll-whale-sharks,3,custom,Best time to visit,Whale sharks are present all year. December to April usually brings calmer seas and clearer water. Morning trips tend to have better conditions and fewer boats.,
ari-atoll-whale-sharks,4,custom,Make it special,"End the day with a private dinner at Ithaa, the undersea restaurant, surrounded by reef fish behind curved acrylic.",
sigiriya-rock-fortress,1,reach,How to reach,"Fly into Bandaranaike International (CMB) near Colombo. The drive to Sigiriya takes about four to five hours by car. From Pakistan, usually one stop via Dubai, Doha, Abu Dhabi or Istanbul.",
sigiriya-rock-fortress,2,prepare,What to prepare,"Expect around 1,200 steps, some on exposed metal stairways, so wear shoes with grip and carry water. Dress modestly and keep noise low near the upper sections, where wild hornets nest.",
sigiriya-rock-fortress,3,custom,Best time to visit,"January to April is usually the driest period in the Cultural Triangle. Start at opening time to climb before the heat and crowds build. For a sunrise view of Sigiriya itself, climb neighbouring Pidurangala rock at dawn.",
sigiriya-rock-fortress,4,custom,Make it special,"Take a hot-air balloon flight over the Cultural Triangle at dawn in season, or a private guide who can explain the frescoes and water gardens.",
temple-of-the-tooth-kandy,1,reach,How to reach,"Fly into Bandaranaike International (CMB). Kandy is about three hours by car, or around three hours by train from Colombo Fort. From Pakistan, usually one stop via Dubai, Doha, Abu Dhabi or Istanbul.",
temple-of-the-tooth-kandy,2,prepare,What to prepare,"Wear white or light clothing covering shoulders and knees. Remove shoes and hats before entering, and do not turn your back to Buddha images for photos. Socks help on hot stone floors.",
temple-of-the-tooth-kandy,3,custom,Best time to visit,"January to April is generally drier in the hills. Attend the evening puja for the drumming and ceremony. The Esala Perahera in July or August is extraordinary, but book seats and hotels months ahead.",
temple-of-the-tooth-kandy,4,custom,Make it special,"Continue to the Royal Botanic Gardens at Peradeniya with a private guide, or book a reserved balcony seat for the Perahera.",
ella-nine-arches-hill-country-train,1,reach,How to reach,"Fly into Bandaranaike International (CMB). Board the hill-country train at Kandy, about three hours from the airport by car, or drive directly to Ella in about six hours. From Pakistan, usually one stop via Dubai, Doha, Abu Dhabi or Istanbul.",
ella-nine-arches-hill-country-train,2,prepare,What to prepare,"Reserved seats sell out weeks ahead, so book early or arrange tickets through your travel planner. Pack a warm layer for the hills and shoes for muddy hiking trails.",
ella-nine-arches-hill-country-train,3,custom,Best time to visit,"January to March is usually the clearest and driest period in the hill country. Take a morning train for the best light on the tea estates. Visit Nine Arches early, before the crowds, and check the train times to watch one cross.",
ella-nine-arches-hill-country-train,4,custom,Make it special,"Stay a night on a working tea estate bungalow along the way, with a private tea tasting and walks among the pickers.",
galle-fort,1,reach,How to reach,"Fly into Bandaranaike International (CMB). The Southern Expressway brings you to Galle in about two to 2.5 hours by car. From Pakistan, usually one stop via Dubai, Doha, Abu Dhabi or Istanbul.",
galle-fort,2,prepare,What to prepare,"Wear light clothing, a hat and comfortable shoes for the ramparts. Dress modestly when visiting churches, mosques and temples.",
galle-fort,3,custom,Best time to visit,"December to April is the dry season on the southwest coast, with calm seas. Walk the ramparts early in the morning or at sunset. The Galle Literary Festival, usually in January, brings writers and events to the fort.",
galle-fort,4,custom,Make it special,"Book a tuk-tuk tour with a local historian, then lunch at a beach villa on the coast east of the fort.",
tbilisi-old-town-sulphur-baths,1,reach,How to reach,"Fly into Tbilisi International Airport (TBS); the old town is about 30 minutes by car. From Pakistan, usually one stop via Dubai, Doha, Abu Dhabi or Istanbul.",
tbilisi-old-town-sulphur-baths,2,prepare,What to prepare,"Pakistani passport holders can generally apply for a Georgian e-visa in advance; check the current e-visa rules before booking. Wear comfortable shoes for steep cobbles, and bring swimwear only if you prefer it in a private bath room. Carry a scarf for church visits; women are expected to cover their heads.",
tbilisi-old-town-sulphur-baths,3,custom,Best time to visit,"May to June and September to October bring mild weather for walking. Take the baths in the early evening, then walk up to Narikala for sunset views over the city.",
tbilisi-old-town-sulphur-baths,4,custom,Make it special,"Reserve a private bath room for two, then continue to a wine bar in Sololaki with a sommelier-led tasting of qvevri wines.",
mtskheta-svetitskhoveli-jvari,1,reach,How to reach,"Fly into Tbilisi International Airport (TBS); Mtskheta is about 30 to 40 minutes north by car. From Pakistan, usually one stop via Dubai, Doha, Abu Dhabi or Istanbul.",
mtskheta-svetitskhoveli-jvari,2,prepare,What to prepare,"Churches expect modest dress: women should cover their heads and wear a skirt, and men should avoid shorts. Wraps are often provided at the door. Pakistani passport holders can generally apply for a Georgian e-visa in advance; check the current e-visa rules before booking.",
mtskheta-svetitskhoveli-jvari,3,custom,Best time to visit,"Spring and autumn are most comfortable. Go early in the morning to reach Jvari before tour groups, and avoid Sunday morning services if you want quiet interiors.",
mtskheta-svetitskhoveli-jvari,4,custom,Good to know,Svetitskhoveli is an active church. Photography during services is best avoided.,
gergeti-trinity-church-kazbegi,1,reach,How to reach,"Fly into Tbilisi International Airport (TBS), then drive about three hours north on the Georgian Military Road to Stepantsminda. From Pakistan, usually one stop via Dubai, Doha, Abu Dhabi or Istanbul.",
gergeti-trinity-church-kazbegi,2,prepare,What to prepare,"Bring warm layers even in summer, sturdy shoes for the hike, and a head covering and long skirt or wrap for the church. Pakistani passport holders can generally apply for a Georgian e-visa in advance; check the current e-visa rules before booking.",
gergeti-trinity-church-kazbegi,3,custom,Best time to visit,"June to September is best, when the road is reliably open and trails are clear of snow. Early morning gives the clearest views of Kazbek.",
gergeti-trinity-church-kazbegi,4,custom,Good to know,Heavy snow can close the Jvari Pass in winter. Check road conditions before setting out.,
upper-svaneti-mestia-ushguli,1,reach,How to reach,"Fly into Tbilisi International Airport (TBS) or Kutaisi International Airport (KUT). Mestia is a long drive, around eight to nine hours from Tbilisi or four to five from Kutaisi, and small domestic flights from Tbilisi run on a limited, weather-dependent schedule. From Pakistan, usually one stop via Dubai, Doha, Abu Dhabi or Istanbul.",
upper-svaneti-mestia-ushguli,2,prepare,What to prepare,"Pack layers, rain gear and proper walking boots, as weather changes quickly in the mountains. Carry cash for village guesthouses and small cafés. Pakistani passport holders can generally apply for a Georgian e-visa in advance; check the current e-visa rules before booking.",
upper-svaneti-mestia-ushguli,3,custom,Best time to visit,"July to September is best for hiking and for the rough road to Ushguli. Winter brings skiing near Mestia, but some routes can be cut off by snow.",
upper-svaneti-mestia-ushguli,4,custom,Make it special,"Hire a private driver and guide with a 4x4 for Ushguli, and walk part of the route between villages.",
sighnaghi-kakheti-wine-country,1,reach,How to reach,"Fly into Tbilisi International Airport (TBS); Sighnaghi is about two hours east by car. From Pakistan, usually one stop via Dubai, Doha, Abu Dhabi or Istanbul.",
sighnaghi-kakheti-wine-country,2,prepare,What to prepare,"Arrange a driver so you can taste freely, and book estate visits ahead. Carry a head covering and modest clothing for Bodbe Monastery. Pakistani passport holders can generally apply for a Georgian e-visa in advance; check the current e-visa rules before booking.",
sighnaghi-kakheti-wine-country,3,custom,Best time to visit,"September and October bring rtveli, the grape harvest, with the liveliest cellars. Spring is green and quiet; summer afternoons can be hot in the valley.",
sighnaghi-kakheti-wine-country,4,custom,Make it special,"Book a private supra, a traditional Georgian feast, at a family winery with a tamada, the toastmaster, leading the table.",
baku-old-city-icherisheher,1,reach,How to reach,"Fly into Heydar Aliyev International Airport (GYD); the old city is about 30 minutes by car. From Pakistan, usually one stop via Dubai, Doha, Abu Dhabi or Istanbul.",
baku-old-city-icherisheher,2,prepare,What to prepare,"Pakistani passport holders can generally obtain an Azerbaijani e-visa online; check the current e-visa rules before travelling. Wear comfortable shoes for stone lanes, and carry a scarf for mosque visits.",
baku-old-city-icherisheher,3,custom,Best time to visit,"April to June and September to October are most pleasant. Walk the old city in the morning, then return after dark when the walls are lit.",
baku-old-city-icherisheher,4,custom,Make it special,"Book a private guide for the Shirvanshahs' Palace, then visit a carpet dealer for an unhurried introduction to Azerbaijani weaving.",
baku-flame-towers-boulevard,1,reach,How to reach,"Fly into Heydar Aliyev International Airport (GYD); central Baku is about 30 minutes by car. From Pakistan, usually one stop via Dubai, Doha, Abu Dhabi or Istanbul.",
baku-flame-towers-boulevard,2,prepare,What to prepare,"Pakistani passport holders can generally obtain an Azerbaijani e-visa online; check the current e-visa rules before travelling. Bring a light jacket, as Baku is known for strong winds off the sea.",
baku-flame-towers-boulevard,3,custom,Best time to visit,"Spring and autumn are best for walking the boulevard. Come in the evening: stroll at sunset, then watch the towers light up after dark.",
gobustan-rock-art-mud-volcanoes,1,reach,How to reach,"Fly into Heydar Aliyev International Airport (GYD); Gobustan is about an hour's drive south-west of Baku. The mud volcanoes are reached by local vehicles on an unpaved track from Gobustan village. From Pakistan, usually one stop via Dubai, Doha, Abu Dhabi or Istanbul.",
gobustan-rock-art-mud-volcanoes,2,prepare,What to prepare,"Pakistani passport holders can generally obtain an Azerbaijani e-visa online; check the current e-visa rules before travelling. Wear closed shoes you do not mind getting muddy, and bring sun protection and water, as there is little shade.",
gobustan-rock-art-mud-volcanoes,3,custom,Best time to visit,Spring and autumn avoid the summer heat. Go in the morning for softer light on the carvings. After heavy rain the track to the volcanoes can be impassable.,
sheki-khans-palace,1,reach,How to reach,"Fly into Heydar Aliyev International Airport (GYD), then drive about five hours north-west to Sheki through the Caucasus foothills. From Pakistan, usually one stop via Dubai, Doha, Abu Dhabi or Istanbul.",
sheki-khans-palace,2,prepare,What to prepare,"Pakistani passport holders can generally obtain an Azerbaijani e-visa online; check the current e-visa rules before travelling. Carry cash for workshops and the bazaar, and leave time to try piti, the local lamb stew, and Sheki halva.",
sheki-khans-palace,3,custom,Best time to visit,May to June and September to October bring mild days and green hills. Arrive at opening time to see the palace interiors before groups.,
sheki-khans-palace,4,custom,Make it special,"Combine Sheki with Gabala on a private road journey, stopping at villages and craft workshops along the way.",
gabala-mountain-resort,1,reach,How to reach,"Fly into Heydar Aliyev International Airport (GYD), then drive about three and a half to four hours north-west to Gabala. From Pakistan, usually one stop via Dubai, Doha, Abu Dhabi or Istanbul.",
gabala-mountain-resort,2,prepare,What to prepare,"Pakistani passport holders can generally obtain an Azerbaijani e-visa online; check the current e-visa rules before travelling. Pack layers and walking shoes, as mountain weather is cooler and wetter than Baku.",
gabala-mountain-resort,3,custom,Best time to visit,June to September suits walking and the lakes; December to March brings snow for skiing at Tufandag. Early mornings are calm at Nohur Lake.,
samarkand-registan,1,reach,How to reach,"Fly into Samarkand International Airport (SKD), about 20 minutes from the Registan, or into Tashkent (TAS) and take the high-speed Afrosiyob train, about two to two and a half hours. From Pakistan, usually one stop via Dubai, Doha, Abu Dhabi or Istanbul.",
samarkand-registan,2,prepare,What to prepare,"Book train seats well ahead in spring and autumn. Dress modestly with shoulders and knees covered, and carry a scarf for mosque interiors. Check the current e-visa rules for Uzbekistan before travelling.",
samarkand-registan,3,custom,Best time to visit,"April to May and September to October bring mild weather. Visit in the early morning for quiet courtyards, and return at dusk when the square is lit.",
samarkand-registan,4,custom,Make it special,"Arrange a private guide with a historian's background, and dinner on a terrace overlooking the illuminated square.",
samarkand-shah-i-zinda,1,reach,How to reach,"Fly into Samarkand International Airport (SKD), or take the Afrosiyob train from Tashkent (TAS), about two to two and a half hours. The site is a short drive from the Registan. From Pakistan, usually one stop via Dubai, Doha, Abu Dhabi or Istanbul.",
samarkand-shah-i-zinda,2,prepare,What to prepare,"This is a pilgrimage site, so dress modestly and keep voices low. Women should carry a headscarf. Wear comfortable shoes for the steps.",
samarkand-shah-i-zinda,3,custom,Best time to visit,"Spring and autumn are best. Arrive early in the morning, when the low sun lights the tilework and pilgrims outnumber tourists.",
bukhara-old-city,1,reach,How to reach,"Fly into Bukhara International Airport (BHK), about 15 minutes from the old city, or take the Afrosiyob train from Tashkent, about four hours, or from Samarkand, about one and a half hours. From Pakistan, usually one stop via Dubai, Doha, Abu Dhabi or Istanbul.",
bukhara-old-city,2,prepare,What to prepare,"Book trains ahead and dress modestly, with a scarf for mosques. Carry cash in local currency for the bazaars and trading domes.",
bukhara-old-city,3,custom,Best time to visit,"April to May and September to October are best; summer afternoons are very hot. Explore in the morning and evening, and rest at midday.",
bukhara-old-city,4,custom,Make it special,"Ask for a private dinner in a restored madrasa courtyard, or a visit to a master suzani embroiderer's workshop.",
khiva-itchan-kala,1,reach,How to reach,"Fly into Urgench International Airport (UGC), about 40 minutes by car from Khiva. Trains also connect Khiva with Bukhara and Tashkent. From Pakistan, usually one stop via Dubai, Doha, Abu Dhabi or Istanbul.",
khiva-itchan-kala,2,prepare,What to prepare,"A combined ticket covers most monuments; buy it at the West Gate. Bring sun protection, water and modest clothing. Check the current e-visa rules for Uzbekistan before travelling.",
khiva-itchan-kala,3,custom,Best time to visit,April to May and September to October bring comfortable days. Summers are very hot and winters are cold. Early morning and sunset give the best light and fewest crowds.,
khiva-itchan-kala,4,custom,Make it special,"Arrange a private evening walk with a local historian, ending on a rooftop terrace for dinner.",
